Category,Value
Grade,Technical
Grade,Alcohol-Stabilized
Grade,Fluorocarbon
Grade,Reagent
Grade,Others
Formulation,Liquid
Formulation,Gas
Distribution Channel,Direct Industrial Sales
Distribution Channel,Distributors
Distribution Channel,E-commerce
Distribution Channel,Others
Application,Solvent
Application,Refrigerant
Application,Intermediate
Application,Others
End-User,Pharmaceutical
End-User,Chemical
End-User,Agriculture
End-User,Electronics
End-User,Coatings & Paints
End-User,Research & Academia
End-User,Others
Region,North America
Region,Europe
Region,Asia-Pacific
Region,Rest of World
